{
		"categories": [{
				"id": "bon",
				"description": "bonbons"
			},
			{
				"id": "car",
				"description": "caramels"
			},
			{
				"id": "cho",
				"description": "chocolats"
			}
		],
	"promotions": [{
		"id": 1,
		"debutPromo": "2021-11-01",
		"finPromo": "2030-12-31",
		"libelle": "Promotion f�tes de fin d'année'",
		"remise": 0.2
	}, {
		"id": 2,
		"debutPromo": "2021-11-01",
		"finPromo": "2030-12-31",
		"libelle": "Promotion d'Halloween'",
		"remise": 0.25
	}],
	"produits": [{
		"PDT_id": "BO01",
		"description": "Bonbons acidulés Lot 3 Kg",
		"prix": 43.0,
		"image": "images/bonbons/bonbon1.png",
		"categorie": 0,
		"promo":0
		},
		{
			"PDT_id": "BO02",
			"description": "Berlingots en vrac Lot 2Kg",
			"prix": 25.0,
			"image": "images/bonbons/bonbon2.png",
			"categorie": 0
		},
		{
			"PDT_id": "BO03",
			"description": "Bonbons menthe Lot 3Kg",
			"prix": 33.0,
			"image": "images/bonbons/bonbon3.png",
			"categorie": 0,
			"promo": 0
		},
		{
			"PDT_id": "BO04",
			"description": "Sucettes festives Lot 3Kg",
			"prix": 48.0,
			"image": "images/bonbons/bonbon4.png",
			"categorie": 0,
			"promo": 0
		},

		{
			"PDT_id": "BO05",
			"description": "Bonbons surprise Lot 1Kg",
			"prix": 48.0,
			"image": "images/bonbons/bonbon5.png",
			"categorie": 0
		},
		{
			"PDT_id": "BO06",
			"description": "Smarties Lot 3Kg",
			"prix": 18.0,
			"image": "images/bonbons/bonbon6.png",
			"categorie": 0
		},
		{
			"PDT_id": "BO07",
			"description": "Nounours colorés Lot 2Kg",
			"prix": 48.0,
			"image": "images/bonbons/bonbon7.png",
			"categorie": 0
		},
		{
			"PDT_id": "CA01",
			"description": "Caramels Beurre salé  lot 2Kg",
			"prix": 36.0,
			"image": "images/caramels/caramel1.png",
			"categorie": 1
		},

		{
			"PDT_id": "CA02",
			"description": "Caramels Vanille  lot 1Kg",
			"prix": 13.0,
			"image": "images/caramels/caramel2.png",
			"categorie": 1
		},
		{
			"PDT_id": "CA03",
			"description": "Caramel tablette Lot 3Kg",
			"prix": 30.0,
			"image": "images/caramels/caramel3.png",
			"categorie": 1
		},

		{
			"PDT_id": "CA04",
			"description": "Caramels parfumés Lot 2Kg",
			"prix": 41.0,
			"image": "images/caramels/caramel4.png",
			"categorie": 1
		},

		{
			"PDT_id": "CA05",
			"description": "Caramels croquants Lot 1Kg",
			"prix": 18.0,
			"image": "images/caramels/caramel5.png",
			"categorie": 1
		},
		{
			"PDT_id": "CA06",
			"description": "Caramels surprise Lot 3 Kg",
			"prix": 48.0,
			"image": "images/caramels/caramel6.png",
			"categorie": 1
		},
		{
			"PDT_id": "CH01",
			"description": "Chocolats Pralinés lot 1Kg",
			"prix": 17.0,
			"image": "images/chocolats/choco1.png",
			"categorie": 2,
			"promo": 1
		},
		{
			"PDT_id": "CH02",
			"description": "Oeufs en chocolat Lot 2Kg",
			"prix": 26.0,
			"image": "images/chocolats/choco2.png",
			"categorie": 2
		},
		{
			"PDT_id": "CH03",
			"description": "Fagots au chocolat lot 1Kg",
			"prix": 17.0,
			"image": "images/chocolats/choco3.png",
			"categorie": 2
		},
		{
			"PDT_id": "CH04",
			"description": "Chocolats amande Lot 2Kg",
			"prix": 45.0,
			"image": "images/chocolats/choco4.png",
			"categorie": 2
		},
		{
			"PDT_id": "CH05",
			"description": "Noir Intense Lot 3Kg",
			"prix": 55.0,
			"image": "images/chocolats/choco5.png",
			"categorie": 2,
			"promo": 1
		},
		{
			"PDT_id": "CH06",
			"description": "Vanille Chocolat lot 1Kg",
			"prix": 23.0,
			"image": "images/chocolats/choco6.png",
			"categorie": 2
		},
		{
			"PDT_id": "CH07",
			"description": "Trésor de Chocolats  lot 2Kg",
			"prix": 65.0,
			"image": "images/chocolats/choco7.png",
			"categorie": 2
		},
		{
			"PDT_id": "CH08",
			"description": "Truffes délice lot 2Kg",
			"prix": 43.0,
			"image": "images/chocolats/choco8.png",
			"categorie":2
		}
	],

	"offrir": [{
		"produit_id": "BO01",
		"promotion": 0
	},
		{
			"produit_id": "BO03",
			"promotion": 0
		},
		{
			"produit_id": "BO04",
			"promotion": 0
		}, {
			"produit_id": "CH05",
			"promotion": 1
		}, {
			"produit_id": "CH01",
			"promotion": 1
		}]
}